<?xml version='1.0' encoding='UTF-8'?>

<!-- =========== FULL CONFIGURATION FILE ================================== -->

<faces-config version="2.1"
              xmlns="http://java.sun.com/xml/ns/javaee"
              xmlns:xsi="http://www.w3.org/2001/XMLSchema-instance"
              xsi:schemaLocation="http://java.sun.com/xml/ns/javaee http://java.sun.com/xml/ns/javaee/web-facesconfig_2_1.xsd">

    <navigation-rule>
        <from-view-id>/users/*</from-view-id>
        <navigation-case>
            <from-outcome>users</from-outcome>
            <to-view-id>/admins/users.xhtml</to-view-id>
            <redirect></redirect>
        </navigation-case>
        
    </navigation-rule>
    <navigation-rule>
        <from-view-id>/admins/*</from-view-id>
        <navigation-case>
            <from-outcome>login</from-outcome>
            <to-view-id>/login.xhtml</to-view-id>
            <redirect></redirect>
        </navigation-case>
        
    </navigation-rule>
    <navigation-rule>
        <from-view-id>/users/*</from-view-id>
        <navigation-case>
            <from-outcome>transactions</from-outcome>
            <to-view-id>/admins/transactions.xhtml</to-view-id>
            <redirect></redirect>
        </navigation-case>
        
    </navigation-rule>
  
    <navigation-rule>
        <from-view-id>/admins/users.xhtml</from-view-id>
        <navigation-case>
            <from-outcome>index</from-outcome>
            <to-view-id>/users/index.xhtml</to-view-id>
        </navigation-case>
    </navigation-rule>
   
    <navigation-rule>
        <from-view-id>/admins/users.xhtml</from-view-id>
        <navigation-case>
            <from-outcome>balance</from-outcome>
            <to-view-id>/users/balance.xhtml</to-view-id>
        </navigation-case>
    </navigation-rule>
     <navigation-rule>
        <from-view-id>/admins/transactions.xhtml</from-view-id>
        <navigation-case>
            <from-outcome>index</from-outcome>
            <to-view-id>/users/index.xhtml</to-view-id>
        </navigation-case>
    </navigation-rule>
   
    <navigation-rule>
        <from-view-id>/admins/transactions.xhtml</from-view-id>
        <navigation-case>
            <from-outcome>balance</from-outcome>
            <to-view-id>/users/balance.xhtml</to-view-id>
        </navigation-case>
    </navigation-rule>
    <navigation-rule>
        <from-view-id>/users/*</from-view-id>
        <navigation-case>
            <from-outcome>login</from-outcome>
            <to-view-id>/login.xhtml</to-view-id>
            <redirect></redirect>
        </navigation-case>
        
    </navigation-rule>
   

</faces-config>
